[
    {
        "model-name": "Blogcategory",
        "resource-file": "blogcategories.json",
        "table-name": "blogcategories",
        "migrations": [
            {
                "name": "2022_12_13_200852_create_blogcategories_table",
                "class-name": "CreateBlogcategoriesTable",
                "path": "C:\\xampp\\htdocs\\vcms\\database\\migrations\\2022_12_13_200852_create_blogcategories_table.php",
                "is-create": true,
                "is-virtual": false,
                "is-organized": false,
                "with-soft-delete": false,
                "without-timestamps": false,
                "resource": {
                    "fields": [
                        {
                            "name": "id",
                            "labels": "Id",
                            "html-type": "text",
                            "css-class": "",
                            "options": {},
                            "html-value": null,
                            "validation": "",
                            "is-on-index": false,
                            "is-on-show": false,
                            "is-on-form": false,
                            "data-type": "int",
                            "data-type-params": [],
                            "data-value": null,
                            "is-index": false,
                            "is-unique": false,
                            "is-primary": true,
                            "comment": null,
                            "is-nullable": false,
                            "is-header": false,
                            "is-unsigned": true,
                            "is-auto-increment": true,
                            "is-inline-options": false,
                            "is-date": false,
                            "date-format": "",
                            "cast-as": "",
                            "placeholder": "Enter id here...",
                            "delimiter": "; ",
                            "range": [],
                            "foreign-relation": null,
                            "foreign-constraint": null,
                            "on-store": null,
                            "on-update": null,
                            "api-key": "id",
                            "is-api-visible": true,
                            "api-description": "The id of the model."
                        },
                        {
                            "name": "name",
                            "labels": "Name",
                            "html-type": "text",
                            "css-class": "",
                            "options": {},
                            "html-value": null,
                            "validation": "string|min:1|max:255|nullable",
                            "is-on-index": true,
                            "is-on-show": true,
                            "is-on-form": true,
                            "data-type": "string",
                            "data-type-params": [
                                255
                            ],
                            "data-value": null,
                            "is-index": false,
                            "is-unique": false,
                            "is-primary": false,
                            "comment": null,
                            "is-nullable": true,
                            "is-header": true,
                            "is-unsigned": false,
                            "is-auto-increment": false,
                            "is-inline-options": false,
                            "is-date": false,
                            "date-format": "",
                            "cast-as": "",
                            "placeholder": "Enter name here...",
                            "delimiter": "; ",
                            "range": [],
                            "foreign-relation": null,
                            "foreign-constraint": null,
                            "on-store": null,
                            "on-update": null,
                            "api-key": "name",
                            "is-api-visible": true,
                            "api-description": "The name of the model."
                        },
                        {
                            "name": "slug",
                            "labels": "Slug",
                            "html-type": "text",
                            "css-class": "",
                            "options": {},
                            "html-value": null,
                            "validation": "string|min:1|nullable",
                            "is-on-index": true,
                            "is-on-show": true,
                            "is-on-form": true,
                            "data-type": "string",
                            "data-type-params": [],
                            "data-value": null,
                            "is-index": false,
                            "is-unique": false,
                            "is-primary": false,
                            "comment": null,
                            "is-nullable": true,
                            "is-header": false,
                            "is-unsigned": false,
                            "is-auto-increment": false,
                            "is-inline-options": false,
                            "is-date": false,
                            "date-format": "",
                            "cast-as": "",
                            "placeholder": "Enter slug here...",
                            "delimiter": "; ",
                            "range": [],
                            "foreign-relation": null,
                            "foreign-constraint": null,
                            "on-store": null,
                            "on-update": null,
                            "api-key": "slug",
                            "is-api-visible": true,
                            "api-description": "The slug of the model."
                        },
                        {
                            "name": "description",
                            "labels": "Description",
                            "html-type": "textarea",
                            "css-class": "",
                            "options": {},
                            "html-value": null,
                            "validation": "string|min:1|max:1000|nullable",
                            "is-on-index": false,
                            "is-on-show": true,
                            "is-on-form": true,
                            "data-type": "string",
                            "data-type-params": [
                                1000
                            ],
                            "data-value": null,
                            "is-index": false,
                            "is-unique": false,
                            "is-primary": false,
                            "comment": null,
                            "is-nullable": true,
                            "is-header": false,
                            "is-unsigned": false,
                            "is-auto-increment": false,
                            "is-inline-options": false,
                            "is-date": false,
                            "date-format": "",
                            "cast-as": "",
                            "placeholder": {},
                            "delimiter": "; ",
                            "range": [],
                            "foreign-relation": null,
                            "foreign-constraint": null,
                            "on-store": null,
                            "on-update": null,
                            "api-key": "description",
                            "is-api-visible": true,
                            "api-description": "The description of the model."
                        }
                    ],
                    "relations": [],
                    "indexes": [],
                    "auto-manage-created-and-updated-at": true,
                    "table-name": null,
                    "protection": {
                        "is-model-protected": false,
                        "is-controller-protected": false,
                        "is-api-resource-protected": false,
                        "is-api-resource-collection-protected": false,
                        "is-api-documentation-protected": false,
                        "is-api-documentation-controller-protected": false,
                        "is-form-request-protected": false,
                        "is-languages-protected": false,
                        "is-form-view-protected": false,
                        "is-index-view-protected": false,
                        "is-create-view-protected": false,
                        "is-edit-view-protected": false,
                        "is-show-view-protected": false
                    },
                    "api-documentation": {
                        "access_token_with_bearer": "The access token prefixed with the \"Bearer \" key word.",
                        "index_route_description": "Retrieve existing blogcategories.",
                        "index_route_response_description": "The API's response will be JSON based data. The JSON object will be structured as follow",
                        "the_key_is_the_model_property_and_the_value_is_the_model_value": "The array's key is the blogcategory property name where the value is the assigned value to the retrieved blogcategory.",
                        "link_to_retrieve_first_page": "Link to retrieve first page.",
                        "link_to_retrieve_last_page": "Link to retrieve last page.",
                        "link_to_retrieve_previous_page": "Link to retrieve previous page.",
                        "link_to_retrieve_next_page": "Link to retrieve next page.",
                        "the_number_of_current_page": "The number of current page.",
                        "the_index_of_the_first_retrieved_item": "The index of first retrieved blogcategory.",
                        "the_number_of_the_last_page": "The number of the last page.",
                        "the_base_link_to_the_resource": "The base link to the api resource.",
                        "the_number_of_models_per_page": "The number of blogcategories per page.",
                        "the_index_of_the_last_retrieved_item": "The index of last retrieved blogcategory.",
                        "the_total_of_available_pages": "The total of the available pages.",
                        "store_route_description": "Create new blogcategory.",
                        "store_route_response_description": "The API's response will be JSON based data. The JSON object will be structured as follow",
                        "update_route_description": "Update existsing blogcategory.",
                        "update_route_response_description": "The API's response will be JSON based data. The JSON object will be structured as follow",
                        "show_route_description": "Retrieve existsing blogcategory.",
                        "show_route_response_description": "The API's response will be JSON based data. The JSON object will be structured as follow",
                        "the_id_of_model_to_retrieve": "The unique id of the blogcategory to retrieve",
                        "destroy_route_description": "Delete existsing blogcategory.",
                        "destroy_route_response_description": "The API's response will be JSON based data. The JSON object will be structured as follow",
                        "the_id_of_model_to_delete": "The id of the blogcategory to delete.",
                        "general_description": "Allows you to list, create, edit, show and delete blogcategories.",
                        "indicate_whether_the_request_was_successful_or_not": "Indicate whether the request was successful or not.",
                        "the_id_of_the_model": "The id of the blogcategory.",
                        "this_parameter_must_be_present_in_the_request": "This parameter must be present in the request.",
                        "the_request_failed_validation": "The request failed validation.",
                        "list_of_the_invalid_errors": "List of the invalid errors.",
                        "the_requested_model_does_not_exists": "The requested blogcategory does not exists.",
                        "the_user_does_not_have_permission_to_access_the_requested_resource": "User does not have permission to access the requested resource."
                    }
                }
            }
        ]
    },
    {
        "model-name": "Blog",
        "resource-file": "blogs.json",
        "table-name": "blogs",
        "migrations": [
            {
                "name": "2022_12_13_200905_create_blogs_table",
                "class-name": "CreateBlogsTable",
                "path": "C:\\xampp\\htdocs\\vcms\\database\\migrations\\2022_12_13_200905_create_blogs_table.php",
                "is-create": true,
                "is-virtual": false,
                "is-organized": false,
                "with-soft-delete": false,
                "without-timestamps": false,
                "resource": {
                    "fields": [
                        {
                            "name": "id",
                            "labels": "Id",
                            "html-type": "text",
                            "css-class": "",
                            "options": {},
                            "html-value": null,
                            "validation": "",
                            "is-on-index": false,
                            "is-on-show": false,
                            "is-on-form": false,
                            "data-type": "int",
                            "data-type-params": [],
                            "data-value": null,
                            "is-index": false,
                            "is-unique": false,
                            "is-primary": true,
                            "comment": null,
                            "is-nullable": false,
                            "is-header": false,
                            "is-unsigned": true,
                            "is-auto-increment": true,
                            "is-inline-options": false,
                            "is-date": false,
                            "date-format": "",
                            "cast-as": "",
                            "placeholder": "Enter id here...",
                            "delimiter": "; ",
                            "range": [],
                            "foreign-relation": null,
                            "foreign-constraint": null,
                            "on-store": null,
                            "on-update": null,
                            "api-key": "id",
                            "is-api-visible": true,
                            "api-description": "The id of the model."
                        },
                        {
                            "name": "title",
                            "labels": "Title",
                            "html-type": "text",
                            "css-class": "",
                            "options": {},
                            "html-value": null,
                            "validation": "string|min:1|max:255|nullable",
                            "is-on-index": true,
                            "is-on-show": true,
                            "is-on-form": true,
                            "data-type": "string",
                            "data-type-params": [
                                255
                            ],
                            "data-value": null,
                            "is-index": false,
                            "is-unique": false,
                            "is-primary": false,
                            "comment": null,
                            "is-nullable": true,
                            "is-header": true,
                            "is-unsigned": false,
                            "is-auto-increment": false,
                            "is-inline-options": false,
                            "is-date": false,
                            "date-format": "",
                            "cast-as": "",
                            "placeholder": "Enter title here...",
                            "delimiter": "; ",
                            "range": [],
                            "foreign-relation": null,
                            "foreign-constraint": null,
                            "on-store": null,
                            "on-update": null,
                            "api-key": "title",
                            "is-api-visible": true,
                            "api-description": "The title of the model."
                        },
                        {
                            "name": "slug",
                            "labels": "Slug",
                            "html-type": "text",
                            "css-class": "",
                            "options": {},
                            "html-value": null,
                            "validation": "string|min:1|nullable",
                            "is-on-index": true,
                            "is-on-show": true,
                            "is-on-form": true,
                            "data-type": "string",
                            "data-type-params": [],
                            "data-value": null,
                            "is-index": false,
                            "is-unique": false,
                            "is-primary": false,
                            "comment": null,
                            "is-nullable": true,
                            "is-header": false,
                            "is-unsigned": false,
                            "is-auto-increment": false,
                            "is-inline-options": false,
                            "is-date": false,
                            "date-format": "",
                            "cast-as": "",
                            "placeholder": "Enter slug here...",
                            "delimiter": "; ",
                            "range": [],
                            "foreign-relation": null,
                            "foreign-constraint": null,
                            "on-store": null,
                            "on-update": null,
                            "api-key": "slug",
                            "is-api-visible": true,
                            "api-description": "The slug of the model."
                        },
                        {
                            "name": "Blogcategory_id",
                            "labels": "Blogcategory",
                            "html-type": "select",
                            "css-class": "",
                            "options": {},
                            "html-value": null,
                            "validation": "nullable",
                            "is-on-index": true,
                            "is-on-show": true,
                            "is-on-form": true,
                            "data-type": "int",
                            "data-type-params": [],
                            "data-value": null,
                            "is-index": true,
                            "is-unique": false,
                            "is-primary": false,
                            "comment": null,
                            "is-nullable": true,
                            "is-header": false,
                            "is-unsigned": true,
                            "is-auto-increment": false,
                            "is-inline-options": false,
                            "is-date": false,
                            "date-format": "",
                            "cast-as": "",
                            "placeholder": "Select blogcategory",
                            "delimiter": "; ",
                            "range": [],
                            "foreign-relation": {
                                "name": "blogcategory",
                                "type": "belongsTo",
                                "params": [
                                    "App\\Models\\Blogcategory",
                                    "Blogcategory_id"
                                ],
                                "field": "name"
                            },
                            "foreign-constraint": null,
                            "on-store": null,
                            "on-update": null,
                            "api-key": "Blogcategory_id",
                            "is-api-visible": true,
                            "api-description": "The blogcategory of the model."
                        },
                        {
                            "name": "description",
                            "labels": "Description",
                            "html-type": "textarea",
                            "css-class": "",
                            "options": {},
                            "html-value": null,
                            "validation": "string|min:1|max:1000|nullable",
                            "is-on-index": false,
                            "is-on-show": true,
                            "is-on-form": true,
                            "data-type": "string",
                            "data-type-params": [
                                1000
                            ],
                            "data-value": null,
                            "is-index": false,
                            "is-unique": false,
                            "is-primary": false,
                            "comment": null,
                            "is-nullable": true,
                            "is-header": false,
                            "is-unsigned": false,
                            "is-auto-increment": false,
                            "is-inline-options": false,
                            "is-date": false,
                            "date-format": "",
                            "cast-as": "",
                            "placeholder": {},
                            "delimiter": "; ",
                            "range": [],
                            "foreign-relation": null,
                            "foreign-constraint": null,
                            "on-store": null,
                            "on-update": null,
                            "api-key": "description",
                            "is-api-visible": true,
                            "api-description": "The description of the model."
                        },
                        {
                            "name": "photo",
                            "labels": "Photo",
                            "html-type": "file",
                            "css-class": "",
                            "options": {},
                            "html-value": null,
                            "validation": "file|nullable",
                            "is-on-index": false,
                            "is-on-show": true,
                            "is-on-form": true,
                            "data-type": "string",
                            "data-type-params": [],
                            "data-value": null,
                            "is-index": false,
                            "is-unique": false,
                            "is-primary": false,
                            "comment": null,
                            "is-nullable": true,
                            "is-header": false,
                            "is-unsigned": false,
                            "is-auto-increment": false,
                            "is-inline-options": false,
                            "is-date": false,
                            "date-format": "",
                            "cast-as": "",
                            "placeholder": {},
                            "delimiter": "; ",
                            "range": [],
                            "foreign-relation": null,
                            "foreign-constraint": null,
                            "on-store": null,
                            "on-update": null,
                            "api-key": "photo",
                            "is-api-visible": true,
                            "api-description": "The photo of the model."
                        },
                        {
                            "name": "seoname",
                            "labels": "Seoname",
                            "html-type": "text",
                            "css-class": "",
                            "options": {},
                            "html-value": null,
                            "validation": "string|min:1|nullable",
                            "is-on-index": true,
                            "is-on-show": true,
                            "is-on-form": true,
                            "data-type": "string",
                            "data-type-params": [],
                            "data-value": null,
                            "is-index": false,
                            "is-unique": false,
                            "is-primary": false,
                            "comment": null,
                            "is-nullable": true,
                            "is-header": false,
                            "is-unsigned": false,
                            "is-auto-increment": false,
                            "is-inline-options": false,
                            "is-date": false,
                            "date-format": "",
                            "cast-as": "",
                            "placeholder": "Enter seoname here...",
                            "delimiter": "; ",
                            "range": [],
                            "foreign-relation": null,
                            "foreign-constraint": null,
                            "on-store": null,
                            "on-update": null,
                            "api-key": "seoname",
                            "is-api-visible": true,
                            "api-description": "The seoname of the model."
                        },
                        {
                            "name": "metabody",
                            "labels": "Metabody",
                            "html-type": "text",
                            "css-class": "",
                            "options": {},
                            "html-value": null,
                            "validation": "string|min:1|nullable",
                            "is-on-index": true,
                            "is-on-show": true,
                            "is-on-form": true,
                            "data-type": "string",
                            "data-type-params": [],
                            "data-value": null,
                            "is-index": false,
                            "is-unique": false,
                            "is-primary": false,
                            "comment": null,
                            "is-nullable": true,
                            "is-header": false,
                            "is-unsigned": false,
                            "is-auto-increment": false,
                            "is-inline-options": false,
                            "is-date": false,
                            "date-format": "",
                            "cast-as": "",
                            "placeholder": "Enter metabody here...",
                            "delimiter": "; ",
                            "range": [],
                            "foreign-relation": null,
                            "foreign-constraint": null,
                            "on-store": null,
                            "on-update": null,
                            "api-key": "metabody",
                            "is-api-visible": true,
                            "api-description": "The metabody of the model."
                        }
                    ],
                    "relations": [],
                    "indexes": [],
                    "auto-manage-created-and-updated-at": true,
                    "table-name": null,
                    "protection": {
                        "is-model-protected": false,
                        "is-controller-protected": false,
                        "is-api-resource-protected": false,
                        "is-api-resource-collection-protected": false,
                        "is-api-documentation-protected": false,
                        "is-api-documentation-controller-protected": false,
                        "is-form-request-protected": false,
                        "is-languages-protected": false,
                        "is-form-view-protected": false,
                        "is-index-view-protected": false,
                        "is-create-view-protected": false,
                        "is-edit-view-protected": false,
                        "is-show-view-protected": false
                    },
                    "api-documentation": {
                        "access_token_with_bearer": "The access token prefixed with the \"Bearer \" key word.",
                        "index_route_description": "Retrieve existing blogs.",
                        "index_route_response_description": "The API's response will be JSON based data. The JSON object will be structured as follow",
                        "the_key_is_the_model_property_and_the_value_is_the_model_value": "The array's key is the blog property name where the value is the assigned value to the retrieved blog.",
                        "link_to_retrieve_first_page": "Link to retrieve first page.",
                        "link_to_retrieve_last_page": "Link to retrieve last page.",
                        "link_to_retrieve_previous_page": "Link to retrieve previous page.",
                        "link_to_retrieve_next_page": "Link to retrieve next page.",
                        "the_number_of_current_page": "The number of current page.",
                        "the_index_of_the_first_retrieved_item": "The index of first retrieved blog.",
                        "the_number_of_the_last_page": "The number of the last page.",
                        "the_base_link_to_the_resource": "The base link to the api resource.",
                        "the_number_of_models_per_page": "The number of blogs per page.",
                        "the_index_of_the_last_retrieved_item": "The index of last retrieved blog.",
                        "the_total_of_available_pages": "The total of the available pages.",
                        "store_route_description": "Create new blog.",
                        "store_route_response_description": "The API's response will be JSON based data. The JSON object will be structured as follow",
                        "update_route_description": "Update existsing blog.",
                        "update_route_response_description": "The API's response will be JSON based data. The JSON object will be structured as follow",
                        "show_route_description": "Retrieve existsing blog.",
                        "show_route_response_description": "The API's response will be JSON based data. The JSON object will be structured as follow",
                        "the_id_of_model_to_retrieve": "The unique id of the blog to retrieve",
                        "destroy_route_description": "Delete existsing blog.",
                        "destroy_route_response_description": "The API's response will be JSON based data. The JSON object will be structured as follow",
                        "the_id_of_model_to_delete": "The id of the blog to delete.",
                        "general_description": "Allows you to list, create, edit, show and delete blogs.",
                        "indicate_whether_the_request_was_successful_or_not": "Indicate whether the request was successful or not.",
                        "the_id_of_the_model": "The id of the blog.",
                        "this_parameter_must_be_present_in_the_request": "This parameter must be present in the request.",
                        "the_request_failed_validation": "The request failed validation.",
                        "list_of_the_invalid_errors": "List of the invalid errors.",
                        "the_requested_model_does_not_exists": "The requested blog does not exists.",
                        "the_user_does_not_have_permission_to_access_the_requested_resource": "User does not have permission to access the requested resource."
                    }
                }
            }
        ]
    }
]